NAME,TEAM,POS,AGE,GP,MPG,PPG,RPG,APG,SPG,BPG,TOPG
Stephen Curry,Gol,G,33.17,63,34.2,32,5.5,5.8,1.21,0.13,3.38
Bradley Beal,Was,G,27.89,60,35.8,31.3,4.7,4.4,1.15,0.37,3.12
Damian Lillard,Por,G,30.84,67,35.8,28.7,4.2,7.5,0.93,0.25,3.03
Joel Embiid,Phi,C-F,27.17,51,31.1,28.5,10.5,2.8,0.98,1.35,3.12
Giannis Antetokounmpo,Mil,F,26.44,61,33,28.1,11,5.9,1.18,1.21,3.39
Luka Doncic,Dal,F-G,22.21,66,34.3,27.7,8,8.6,0.97,0.55,4.26
Zach LaVine,Chi,G-F,26.19,58,35.1,27.4,5,4.9,0.79,0.47,3.5
Zion Williamson,Nor,F,20.86,61,33.2,27,7.2,3.7,0.93,0.64,2.74
Kevin Durant,Bro,F,32.63,35,33.1,26.9,7.1,5.6,0.71,1.29,3.43
Kyrie Irving,Bro,G,29.15,54,34.9,26.9,4.8,6,1.41,0.69,2.39
Nikola Jokic,Den,C,26.24,72,34.6,26.4,10.8,8.3,1.32,0.67,3.08
Donovan Mitchell,Uta,G,24.69,53,33.4,26.4,4.4,5.2,0.98,0.28,2.77
Jayson Tatum,Bos,F-G,23.21,64,35.8,26.4,7.4,4.3,1.17,0.48,2.67
Devin Booker,Pho,G,24.54,67,33.9,25.6,4.2,4.3,0.79,0.24,3.09
Trae Young,Atl,G,22.66,63,33.7,25.3,3.9,9.4,0.84,0.17,4.14
De'Aaron Fox,Sac,G,23.41,58,35.1,25.2,3.5,7.2,1.5,0.47,3
LeBron James,Lal,F,36.38,45,33.4,25,7.7,7.8,1.07,0.56,3.73
James Harden,Hou,G,31.72,8,36.3,24.8,5.1,10.4,0.88,0.75,4.25
Kawhi Leonard,Lac,F,29.88,52,34.1,24.8,6.5,5.2,1.56,0.4,2.02
Karl-Anthony Towns,Min,C-F,25.5,50,33.8,24.8,10.6,4.5,0.76,1.14,3.2
Jaylen Brown,Bos,G-F,24.56,58,34.5,24.7,6,3.4,1.24,0.55,2.72
James Harden,Bro,G,31.72,36,36.6,24.6,8.6,10.9,1.28,0.75,3.97
Nikola Vucevic,Orl,C,30.56,44,34.1,24.5,11.8,3.8,0.95,0.64,1.89
Collin Sexton,Cle,G,22.36,60,35.3,24.3,3.1,4.4,1.05,0.17,2.78
Julius Randle,Nyk,F-C,26.46,71,37.6,24.1,10.2,6,0.9,0.25,3.38
Brandon Ingram,Nor,F,23.7,61,34.3,23.8,4.9,4.9,0.69,0.59,2.51
Shai Gilgeous-Alexander,Okc,G-F,22.85,35,33.7,23.7,4.7,5.9,0.77,0.66,3.03
Paul George,Lac,F,31.04,54,33.7,23.3,6.6,5.2,1.15,0.44,3.31
CJ McCollum,Por,G,29.66,47,34,23.1,3.9,4.7,0.94,0.45,1.36
Jerami Grant,Det,F,27.18,54,33.9,22.3,4.6,2.8,0.65,1.07,2.02
Russell Westbrook,Was,G,32.51,65,36.4,22.2,11.5,11.7,1.35,0.35,4.8
Anthony Davis,Lal,F-C,28.18,36,32.3,21.8,7.9,3.1,1.25,1.64,2.06
DeMar DeRozan,San,G-F,31.78,61,33.7,21.6,4.2,6.9,0.92,0.25,1.95
Jimmy Butler,Mia,F,31.67,52,33.6,21.5,6.9,7.1,2.08,0.35,2.1
Nikola Vucevic,Chi,C,30.56,26,32.6,21.5,11.6,3.9,0.88,0.77,1.65
Pascal Siakam,Tor,F,27.12,56,35.8,21.4,7.2,4.5,1.14,0.68,2.32
Malcolm Brogdon,Ind,G,28.43,56,34.5,21.2,5.3,5.9,0.88,0.27,2.05
Jamal Murray,Den,G,24.23,48,35.5,21.2,4,4.8,1.33,0.27,2.23
Victor Oladipo,Hou,G,29.03,20,33.5,21.2,4.8,5,1.2,0.5,2.55
Christian Wood,Hou,F,25.64,41,32.3,21,9.6,1.7,0.83,1.17,1.95
Caris LeVert,Ind,G,26.73,35,32.9,20.7,4.6,4.9,1.51,0.69,2.17
John Wall,Hou,G,30.69,40,32.2,20.6,3.2,6.9,1.05,0.78,3.53
Khris Middleton,Mil,F,29.76,68,33.4,20.4,6,5.4,1.09,0.15,2.6
Terry Rozier,Cha,G,27.17,69,34.5,20.4,4.4,4.2,1.25,0.38,1.87
Domantas Sabonis,Ind,F-C,25.04,62,36,20.3,12,6.7,1.23,0.53,3.44
Kristaps Porzingis,Dal,F-C,25.79,43,30.9,20.1,8.9,1.6,0.47,1.35,1.19
Victor Oladipo,Ind,G,29.03,9,33.3,20,5.7,4.2,1.67,0.22,2
Evan Fournier,Orl,G-F,28.55,26,30.3,19.7,2.9,3.7,1.04,0.35,2.08
Malik Beasley,Min,G,24.47,37,32.8,19.6,4.4,2.4,0.81,0.19,1.62
Gordon Hayward,Cha,F,31.15,44,34,19.6,5.9,4.1,1.18,0.32,2.07
Norman Powell,Tor,G,27.98,42,30.4,19.6,3,1.8,1.12,0.19,1.83
Fred VanVleet,Tor,G,27.22,52,36.5,19.6,4.2,6.3,1.67,0.71,1.83
Tobias Harris,Phi,F,28.84,62,32.5,19.5,6.8,3.5,0.89,0.82,1.73
Anthony Edwards,Min,G,19.78,72,32.1,19.3,4.7,2.9,1.14,0.49,2.24
Kemba Walker,Bos,G,31.03,43,31.8,19.3,4,4.9,1.12,0.28,2.05
Ja Morant,Mem,G,21.77,63,32.6,19.1,4,7.4,0.9,0.21,3.22
Kelly Olynyk,Hou,F-C,30.08,27,31.1,19,8.4,4.1,1.44,0.59,2.63
Michael Porter Jr.,Den,F,22.88,61,31.3,19,7.3,1.1,0.66,0.89,1.28
D'Angelo Russell,Min,G,25.23,42,28.5,19,2.6,5.8,1.07,0.43,2.67
Bam Adebayo,Mia,C-F,23.83,64,33.5,18.7,9,5.4,1.17,1.03,2.64
Andrew Wiggins,Gol,F,26.23,71,33.3,18.6,4.9,2.4,0.93,0.99,1.76
Caris LeVert,Bro,G,26.73,12,27.8,18.5,4.3,6,1.08,0.5,2.17
Jordan Clarkson,Uta,G,28.94,68,26.7,18.4,4,2.5,0.9,0.15,1.69
Eric Gordon,Hou,G,32.39,27,29.2,17.8,2.1,2.6,0.52,0.48,1.89
Jrue Holiday,Mil,G,30.93,59,32.3,17.7,4.5,6.1,1.64,0.63,2.15
RJ Barrett,Nyk,F-G,20.92,72,34.9,17.6,5.8,3,0.74,0.28,1.93
John Collins,Atl,F-C,23.65,63,29.3,17.6,7.4,1.2,0.54,1,1.33
Andre Drummond,Cle,C,27.77,25,28.9,17.5,13.5,2.6,1.6,1.16,3.24
Darius Garland,Cle,G,21.3,54,33.1,17.4,2.4,6.1,1.22,0.11,3.04
Dillon Brooks,Mem,G-F,25.32,67,29.8,17.2,2.9,2.3,1.16,0.39,1.78
Kyle Lowry,Tor,G,35.15,46,34.8,17.2,5.3,7.3,1.02,0.26,2.74
Jonas Valanciunas,Mem,C,29.03,62,28.3,17.1,12.5,1.8,0.56,0.92,1.61
Bojan Bogdanovic,Uta,F,32.08,72,30.8,17,3.9,1.9,0.63,0.06,1.78
Norman Powell,Por,G,27.98,27,34.4,17,3.3,1.9,1.3,0.37,1.59
Tim Hardaway Jr.,Dal,G-F,29.17,70,28.4,16.6,3.3,1.8,0.44,0.16,0.91
Buddy Hield,Sac,G,28.41,71,34.3,16.6,4.7,3.6,0.89,0.42,1.83
Kevin Porter Jr.,Hou,G-F,21.03,26,32.1,16.6,3.8,6.3,0.73,0.31,3.5
Bogdan Bogdanovic,Atl,G,28.74,44,29.7,16.4,3.6,3.3,1.11,0.3,1.23
Chris Paul,Pho,G,36.03,70,31.4,16.4,4.4,8.9,1.43,0.26,2.23
Khyri Thomas,Hou,G,25.02,5,30.6,16.4,3.6,5,1.8,1.2,1.2
Mike Conley,Uta,G,33.6,51,29.4,16.2,3.5,6,1.37,0.18,1.94
Gary Trent Jr.,Tor,G-F,22.33,17,31.8,16.2,3.6,1.3,1.12,0.24,0.71
Harrison Barnes,Sac,F,28.96,58,36.3,16.1,6.6,3.5,0.74,0.19,1.6
Elijah Bryant,Mil,G,20,1,31.6,16,6,3,0,1,4
OG Anunoby,Tor,F,23.83,43,33.3,15.9,5.5,2.2,1.53,0.72,1.74
LaMelo Ball,Cha,G,19.74,51,28.8,15.7,5.9,6.1,1.59,0.35,2.84
Dejounte Murray,San,G,24.66,67,31.9,15.7,7.1,5.4,1.51,0.1,1.75
Terrence Ross,Orl,G-F,30.28,46,29.3,15.6,3.4,2.4,1.02,0.46,1.59
T.J. Warren,Ind,F,27.7,4,29.4,15.5,3.5,1.3,0.5,0,1
Kelly Oubre Jr.,Gol,F-G,25.44,55,30.7,15.4,6,1.3,1.04,0.76,1.27
Dennis Schroder,Lal,G,27.67,61,32.1,15.4,3.5,5.8,1.16,0.21,2.67
Derrick White,San,G,26.87,36,29.5,15.4,3,3.5,0.72,1,1.25
Clint Capela,Atl,C,27,63,30.1,15.2,14.3,0.8,0.7,2.05,1.16
Tyler Herro,Mia,G,21.32,54,30.3,15.1,4.9,3.4,0.65,0.31,1.87
Coby White,Chi,G,21.25,69,31.2,15.1,4.1,4.8,0.55,0.22,2.26
De'Andre Hunter,Atl,F-G,23.46,23,29.5,15,4.8,1.9,0.83,0.52,1.26
Gary Trent Jr.,Por,G-F,22.33,41,30.8,15,2.2,1.4,0.9,0.15,0.76
Derrick Rose,Nyk,G,32.61,35,26.8,14.9,2.9,4.2,0.89,0.43,1.4
Devonte' Graham,Cha,G,26.23,55,30.2,14.8,2.7,5.4,0.87,0.11,1.53
Lonzo Ball,Nor,G,23.55,55,31.8,14.6,4.8,5.7,1.49,0.56,2.24
Aaron Gordon,Orl,F,25.67,25,29.4,14.6,6.6,4.2,0.64,0.8,2.68
Kendrick Nunn,Mia,G,25.79,56,29.5,14.6,3.2,2.6,0.96,0.25,1.43
Deandre Ayton,Pho,C,22.82,69,30.6,14.4,10.5,1.4,0.59,1.17,1.48
Jaren Jackson Jr.,Mem,F-C,21.67,11,23.5,14.4,5.6,1.1,1.09,1.64,1.36
Thomas Bryant,Was,C-F,23.8,10,27.1,14.3,6.1,1.5,0.4,0.8,1.1
Rudy Gobert,Uta,C,28.89,71,30.8,14.3,13.5,1.3,0.56,2.68,1.66
Ben Simmons,Phi,G-F,24.82,58,32.4,14.3,7.2,6.9,1.6,0.6,2.98
Richaun Holmes,Sac,F,27.59,61,29.2,14.2,8.3,1.7,0.64,1.56,1.23
Al Horford,Okc,C-F,34.95,28,27.9,14.2,6.7,3.4,0.89,0.93,1.04
Derrick Rose,Det,G,32.61,15,22.8,14.2,1.9,4.2,1.2,0.27,1.93
Marvin Bagley III,Sac,F,22.18,43,25.9,14.1,7.4,1,0.49,0.49,1.37
Joe Harris,Bro,G-F,29.69,69,31,14.1,3.6,1.9,0.68,0.2,0.9
Luguentz Dort,Okc,G,22.08,52,29.7,14,3.6,1.7,0.87,0.37,1.52
Rui Hachimura,Was,F,23.27,57,31.5,13.8,5.5,1.4,0.79,0.12,1.19
LaMarcus Aldridge,San,C-F,35.83,21,25.9,13.7,4.5,1.7,0.38,0.86,0.95
Darius Bazley,Okc,F-G,20.93,55,31.2,13.7,7.2,1.8,0.53,0.45,2.22
Chris Boucher,Tor,F-C,28.35,60,24.2,13.6,6.7,1.1,0.58,1.85,0.77
Lauri Markkanen,Chi,F-C,23.99,51,25.8,13.6,5.3,0.9,0.51,0.29,1.02
Doug McDermott,Ind,F,29.37,66,24.5,13.6,3.3,1.3,0.3,0.09,0.8
Mikal Bridges,Pho,F,24.71,72,32.6,13.5,4.3,2.1,1.06,0.88,0.81
Montrezl Harrell,Lal,F-C,27.3,69,22.9,13.5,6.2,1.1,0.67,0.71,1.07
Carmelo Anthony,Por,F,36.97,69,24.5,13.4,3.1,1.5,0.67,0.55,0.88
Goran Dragic,Mia,G,35.03,50,26.7,13.4,3.3,4.4,0.66,0.14,2.38
Josh Jackson,Det,G-F,24.26,62,25.2,13.4,4.1,2.3,0.85,0.76,2.29
Marcus Morris Sr.,Lac,F,31.7,57,26.3,13.4,4.1,1,0.6,0.26,1
Danilo Gallinari,Atl,F,32.77,51,24,13.3,4.2,1.5,0.59,0.2,0.84
Jarrett Allen,Cle,C,23.07,51,30.3,13.2,9.9,1.7,0.47,1.41,1.53
Duncan Robinson,Mia,F,27.07,72,31.4,13.1,3.5,1.8,0.6,0.28,1.13
Marcus Smart,Bos,G,27.2,48,32.9,13.1,3.5,5.7,1.5,0.5,2
Evan Fournier,Bos,G-F,28.55,16,29.5,13,3.3,3.1,1.25,0.63,1.19
Tyrese Haliburton,Sac,G,21.21,58,30.1,13,3,5.3,1.33,0.48,1.59
Shake Milton,Phi,G-F,24.64,63,23.2,13,2.3,3.1,0.62,0.29,1.63
Cole Anthony,Orl,G,21,47,27.1,12.9,4.7,4.1,0.64,0.38,2.26
Markelle Fultz,Orl,G,22.97,8,26.9,12.9,3.1,5.4,1,0.25,2.25
Kyle Kuzma,Lal,F,25.81,68,28.7,12.9,6.1,1.9,0.5,0.6,1.66
P.J. Washington,Cha,F,22.73,64,30.5,12.9,6.5,2.5,1.09,1.23,2
LaMarcus Aldridge,Bro,C-F,35.83,5,26,12.8,4.8,2.6,0.6,2.2,1.4
Keldon Johnson,San,F-G,21.6,69,28.5,12.8,6,1.8,0.58,0.35,1.13
Will Barton,Den,G,30.36,56,31,12.7,4,3.2,0.89,0.41,1.71
Miles Bridges,Cha,F,23.16,66,29.3,12.7,6,2.2,0.67,0.79,1.61
Alec Burks,Nyk,G,29.83,49,25.6,12.7,4.6,2.2,0.63,0.29,1
Jalen Brunson,Dal,G,24.71,68,25,12.6,3.4,3.5,0.51,0.01,1.18
Myles Turner,Ind,C-F,25.15,47,31,12.6,6.5,1,0.85,3.38,1.43
Seth Curry,Phi,G,30.73,57,28.7,12.5,2.4,2.7,0.77,0.14,1.14
Kyle Anderson,Mem,F-G,27.66,69,27.4,12.4,5.7,3.6,1.22,0.83,1.25
Blake Griffin,Det,F,32.17,20,31.3,12.3,5.2,3.9,0.7,0.1,1.6
Brook Lopez,Mil,C,33.12,70,27.2,12.3,5,0.7,0.57,1.47,0.91
Saddiq Bey,Det,F,22.1,70,27.3,12.2,4.6,1.4,0.74,0.2,0.86
Eric Bledsoe,Nor,G,31.44,71,29.7,12.2,3.4,3.8,0.77,0.34,1.58
Kevin Love,Cle,F-C,32.69,25,24.9,12.2,7.4,2.5,0.64,0.08,1.52
Joe Ingles,Uta,F-G,33.62,67,27.9,12.1,3.6,4.7,0.67,0.18,1.75
Josh Richardson,Dal,G,27.67,59,30.3,12.1,3.3,2.6,1.03,0.41,1.34
Lou Williams,Lac,G,34.55,42,21.9,12.1,2.1,3.4,0.93,0.1,1.57
Thaddeus Young,Chi,F,32.9,68,24.3,12.1,6.2,4.3,1.09,0.59,2
Cory Joseph,Det,G,29.74,19,26.4,12,3.2,5.5,1.21,0.47,1.79
Victor Oladipo,Mia,G,29.03,4,27.8,12,3.5,3.5,1.75,0.5,3.5
Jordan Poole,Gol,G,21.91,51,19.4,12,1.8,1.9,0.51,0.18,1
Khem Birch,Tor,C,28.63,19,30.4,11.9,7.5,1.9,0.89,1.16,1.11
Hamidou Diallo,Okc,G,22.8,32,23.8,11.9,5.2,2.4,0.97,0.38,1.53
Andre Drummond,Lal,C,27.77,21,24.8,11.9,10.2,1.4,1.1,0.95,2.05
Kevin Huerter,Atl,G-F,22.72,69,30.8,11.9,3.3,3.5,1.19,0.26,1.14
George Hill,Okc,G,35.04,14,26.3,11.8,2.1,3.1,0.86,0.14,0.86
Wendell Carter Jr.,Orl,C-F,22.09,22,26.5,11.7,8.8,1.6,0.77,0.82,1.32
Malik Monk,Cha,G,23.28,42,20.9,11.7,2.4,2.1,0.45,0.1,1.31
Davis Bertans,Was,F,28.51,57,25.7,11.5,3,0.9,0.58,0.23,0.58
Jusuf Nurkic,Por,C,26.73,37,23.8,11.5,9,3.4,1.03,1.08,1.97
James Wiseman,Gol,C,20.13,39,21.4,11.5,5.8,0.7,0.28,0.92,1.54
Rudy Gay,San,F-G,34.75,63,21.5,11.4,4.8,1.4,0.73,0.63,1.03
Bobby Portis,Mil,F,26.26,66,20.8,11.4,7.1,1.1,0.79,0.39,0.85
Immanuel Quickley,Nyk,G,21.92,64,19.4,11.4,2.1,2,0.47,0.19,0.91
Jae'Sean Tate,Hou,F,25.55,70,29.2,11.3,5.3,2.5,1.21,0.51,1.41
Jarrett Allen,Bro,C,23.07,12,26.6,11.2,10.4,1.7,0.58,1.58,1.83
Armoni Brooks,Hou,G,22.95,20,26,11.2,3.4,1.5,0.6,0.25,1.1
Hamidou Diallo,Det,G,22.8,20,23.3,11.2,5.4,1.2,0.5,0.6,1.35
R.J. Hampton,Orl,G,20.27,26,25.2,11.2,5,2.8,0.62,0.35,1.62
Enes Kanter,Por,C,28.99,72,24.4,11.2,11,1.2,0.46,0.67,1.08
Cam Reddish,Atl,F-G,21.71,26,28.9,11.2,4,1.3,1.27,0.35,1.31
Naz Reid,Min,C-F,21.72,70,19.2,11.2,4.6,1,0.49,1.07,0.99
Lonnie Walker IV,San,G-F,22.42,60,25.4,11.2,2.6,1.7,0.48,0.25,1.08
Ignas Brazdeikis,Orl,F,22.35,8,29.2,11.1,5.1,2,0.5,0.38,1.38
Terence Davis,Sac,G,24,27,21.5,11.1,3.3,1.7,1.04,0.26,1.26
Serge Ibaka,Lac,F,31.66,41,23.3,11.1,6.7,1.8,0.22,1.15,1.07
Nickeil Alexander-Walker,Nor,G,22.7,46,21.9,11,3.1,2.2,1.02,0.48,1.5
Jeff Green,Bro,F,34.72,68,27,11,3.9,1.6,0.53,0.4,0.79
Moritz Wagner,Orl,F-C,24.06,11,26,11,4.9,1.1,0.36,0.82,1.18
Dwayne Bacon,Orl,G-F,25.71,72,25.7,10.9,3.1,1.3,0.61,0.07,0.63
Oshae Brissett,Ind,F-G,22.91,21,24.7,10.9,5.5,0.9,0.9,0.95,0.48
Reggie Bullock,Nyk,G-F,30.17,65,30,10.9,3.4,1.5,0.8,0.17,0.69
Wendell Carter Jr.,Chi,C-F,22.09,32,24.7,10.9,7.8,2.2,0.56,0.75,1.53
Patty Mills,San,G,32.76,68,24.8,10.8,1.7,2.4,0.6,0.04,0.96
Cameron Oliver,Hou,F,20,4,21.9,10.8,5.3,1.3,0.5,1,0.75
Reggie Jackson,Lac,G,31.09,67,23,10.7,2.9,3.1,0.63,0.1,1.1
Ty Jerome,Okc,G-F,23.86,33,23.9,10.7,2.8,3.6,0.61,0.18,1.42
Grayson Allen,Mem,G,25.61,50,25.2,10.6,3.2,2.2,0.92,0.16,0.96
D.J. Augustin,Hou,G,33.52,20,20.8,10.6,2.2,3.9,0.4,0,1.55
Justin Holiday,Ind,F-G,32.12,72,30.3,10.5,3.6,1.7,1.03,0.57,0.75
Donte DiVincenzo,Mil,G,24.29,66,27.5,10.4,5.8,3.1,1.09,0.23,1.39
Cedi Osman,Cle,F,26.11,59,25.6,10.4,3.4,2.9,0.9,0.15,1.36
Mason Plumlee,Det,F-C,31.2,56,26.8,10.4,9.3,3.6,0.77,0.89,1.88
Delon Wright,Det,G,29.06,36,29.2,10.4,4.6,5,1.58,0.53,1.33
Brandon Clarke,Mem,F-G,24.66,59,24,10.3,5.6,1.6,1.03,0.86,0.56
Svi Mykhailiuk,Okc,G-F,23.93,30,23,10.3,3,1.8,0.8,0.2,1.63
Aaron Gordon,Den,F,25.67,25,25.9,10.2,4.7,2.2,0.68,0.56,1.16
Gary Harris,Orl,G,26.67,20,24.9,10.2,1.6,2.3,0.55,0.3,1.15
Monte Morris,Den,G,25.89,47,25.5,10.2,2,3.2,0.72,0.28,0.72
Jae Crowder,Pho,F,30.86,60,27.5,10.1,4.7,2.1,0.82,0.43,0.92
Daniel Gafford,Was,F-C,22.63,23,17.8,10.1,5.6,0.5,0.65,1.78,0.83
Jeremy Lamb,Ind,G-F,28.96,36,21.3,10.1,3.6,1.5,0.94,0.64,0.61
Theo Maledon,Okc,G,19.93,65,27.3,10.1,3.2,3.5,0.85,0.17,2.17
Elfrid Payton,Nyk,G,27.23,63,23.6,10.1,3.4,3.2,0.75,0.14,1.63
Taurean Prince,Cle,G,27.15,29,23.7,10.1,3.7,2.4,0.69,0.52,1.24
Bryn Forbes,Mil,G,27.82,70,19.3,10,1.6,0.6,0.33,0.01,0.63
Blake Griffin,Bro,F,32.17,26,21.5,10,4.7,2.4,0.69,0.5,1.15
Kelly Olynyk,Mia,F-C,30.08,43,26.9,10,6.1,2.1,0.93,0.6,1.28
Daniel Theis,Chi,F,29.12,23,24.9,10,5.9,1.8,0.7,0.61,1.09
Lou Williams,Atl,G,34.55,24,21.1,10,2.1,3.4,0.33,0.08,1.71
Delon Wright,Sac,G,29.06,27,25.8,10,3.9,3.6,1.56,0.37,1.3
Otto Porter Jr.,Chi,F,27.95,25,21.6,9.9,5.5,2,0.48,0.16,1
Dorian Finney-Smith,Dal,F,28.04,60,32,9.8,5.4,1.7,0.87,0.4,0.8
Frank Jackson,Det,G,23.04,40,18.5,9.8,2.2,0.9,0.38,0.03,0.88
Kentavious Caldwell-Pope,Lal,G,28.24,67,28.4,9.7,2.7,1.9,0.93,0.39,1.01
Gary Harris,Den,G,26.67,19,30.6,9.7,2.5,1.7,0.89,0.21,0.74
Mike Muscala,Okc,F-C,29.88,35,18.4,9.7,3.8,0.8,0.23,0.31,0.6
DeMarcus Cousins,Hou,C,30.76,25,20.2,9.6,7.6,2.4,0.84,0.72,1.56
Wayne Ellington,Det,G,33.46,46,22,9.6,1.8,1.5,0.39,0.2,0.72
Cameron Johnson,Pho,F,25.2,60,24,9.6,3.3,1.4,0.62,0.27,0.67
Isaac Okoro,Cle,F-G,20.3,67,32.4,9.6,3.1,1.9,0.93,0.36,1.28
Yogi Ferrell,Cle,G,28.02,2,20.3,9.5,3.5,2.5,1.5,0.5,1.5
Danny Green,Phi,G,33.9,69,28,9.5,3.8,1.7,1.33,0.81,0.96
Eric Paschall,Gol,F,24.53,40,17.4,9.5,3.2,1.3,0.3,0.18,1.08
Daniel Theis,Bos,F-C,29.12,42,24.5,9.5,5.2,1.6,0.6,1.02,0.98
Trevor Ariza,Mia,F,35.88,30,28,9.4,4.8,1.8,1,0.6,0.7
Cody Zeller,Cha,F-C,28.61,48,20.9,9.4,6.8,1.8,0.56,0.35,1.06
Kenyon Martin Jr.,Hou,F,20.36,45,23.7,9.3,5.4,1.1,0.67,0.91,0.84
Larry Nance Jr.,Cle,F-C,28.37,35,31.2,9.3,6.7,3.1,1.74,0.49,1.57
Landry Shamet,Bro,G,24.18,61,23,9.3,1.8,1.6,0.52,0.16,0.79
Desmond Bane,Mem,G,22.89,68,22.3,9.2,3.1,1.7,0.62,0.24,0.87
Josh Hart,Nor,G,26.2,47,28.7,9.2,8,2.3,0.81,0.26,1.09
James Johnson,Nor,F,34.24,22,24.5,9.2,4.1,2.2,0.82,0.86,1.27
David Nwaba,Hou,G-F,28.34,30,22.6,9.2,3.9,1,1,0.7,0.57
Patrick Williams,Chi,F,19.72,71,27.9,9.2,4.6,1.4,0.9,0.65,1.38
Furkan Korkmaz,Phi,G-F,23.81,55,19.3,9.1,2.1,1.5,0.89,0.16,0.84
De'Anthony Melton,Mem,G,22.97,52,20.1,9.1,3.1,2.5,1.13,0.6,1.27
Talen Horton-Tucker,Lal,G,20.47,65,20.1,9,2.6,2.8,0.97,0.32,1.63
Justin Jackson,Mil,F,26.14,1,32.6,9,6,1,0,0,1
Robin Lopez,Was,C,33.12,71,19.1,9,3.8,0.8,0.21,0.62,1.06
Paul Millsap,Den,F,36.26,56,20.8,9,4.7,1.8,0.91,0.64,0.91
Jaylen Nowell,Min,G,21.86,42,18.1,9,2.3,1.5,0.52,0.29,0.67
Ivica Zubac,Lac,C,24.16,72,22.3,9,7.2,1.3,0.33,0.86,1.13
Bruce Brown,Bro,G-F,24.75,65,22.3,8.8,5.4,1.6,0.86,0.43,0.83
Michael Carter-Williams,Orl,G,29.6,31,25.8,8.8,4.5,4.1,0.81,0.55,2.23
Danuel House Jr.,Hou,F-G,27.94,36,25.9,8.8,3.7,1.9,0.58,0.44,1
Jay Scrubb,Lac,G,20.71,4,21.1,8.8,3.5,0.3,1,0,1.75
Tony Bradley,Okc,C-F,23.35,22,18,8.7,6.1,0.9,0.41,0.77,1.23
Raul Neto,Was,G,28.99,64,21.9,8.7,2.4,2.3,1.14,0.09,0.83
JJ Redick,Nor,G,36.89,31,18.6,8.7,1.7,1.3,0.29,0.06,0.81
Austin Rivers,Den,G,28.79,15,26.9,8.7,2.3,2.6,1.2,0.13,0.93
Isaiah Roby,Okc,F,23.28,61,23.4,8.7,5.6,1.8,0.85,0.61,1.85
Dario Saric,Pho,F-C,27.11,50,17.4,8.7,3.8,1.3,0.6,0.08,1.14
Moses Brown,Okc,C,21.59,43,21.4,8.6,8.9,0.2,0.72,1.12,1
T.J. McConnell,Ind,G,29.14,69,26,8.6,3.7,6.6,1.86,0.33,1.96
Jakob Poeltl,San,C,25.59,69,26.7,8.6,7.9,1.9,0.68,1.78,1.22
Ricky Rubio,Min,G,30.57,68,26.1,8.6,3.3,6.4,1.46,0.06,1.63
Avery Bradley,Mia,G,30.47,10,21.1,8.5,1.8,1.4,0.7,0.1,0.9
Robert Covington,Por,F,30.42,70,32,8.5,6.7,1.7,1.44,1.2,0.91
Gabriel Deck,Okc,F,26.27,10,21.2,8.4,4,2.4,0.8,0,0.6
James Ennis III,Orl,F,30.88,41,24.1,8.4,4,1.5,0.78,0.17,0.9
Cameron Payne,Pho,G,26.77,60,18,8.4,2.4,3.6,0.6,0.27,1
Isaiah Hartenstein,Cle,C-F,23.03,16,17.9,8.3,6,2.5,0.5,1.19,1.44
Luke Kennard,Lac,G,24.89,63,19.6,8.3,2.6,1.7,0.35,0.14,0.76
Mitchell Robinson,Nyk,C-F,23.13,31,27.5,8.3,8.1,0.5,1.13,1.45,0.84
Sterling Brown,Hou,G-F,26.26,51,24.1,8.2,4.4,1.4,0.75,0.24,0.8
Aleksej Pokusevski,Okc,C,19.39,45,24.2,8.2,4.7,2.2,0.44,0.93,2.2
Nicolas Batum,Lac,G-F,32.42,67,27.4,8.1,4.7,2.2,1.03,0.55,0.79
JaMychal Green,Den,F-C,30.9,58,19.3,8.1,4.8,0.9,0.45,0.38,0.91
Taurean Prince,Bro,F,27.15,12,18.2,8.1,2.8,0.6,0.67,0.67,0.92
Hassan Whiteside,Sac,C,31.93,36,15.2,8.1,6,0.6,0.25,1.28,1.11
Mo Bamba,Orl,C,23.01,46,15.8,8,5.8,0.8,0.3,1.26,0.8
Tyrese Maxey,Phi,G,20.53,61,15.3,8,1.7,2,0.43,0.21,0.67
JaVale McGee,Cle,C-F,33.32,33,15.2,8,5.2,1,0.48,1.21,1.36
Ben McLemore,Lal,G,28.26,21,17.5,8,1.6,0.5,0.14,0.29,0.71
Otto Porter Jr.,Orl,F,27.95,3,22.2,8,4.7,1.7,1.33,0,0
Robert Williams III,Bos,C-F,23.58,52,18.9,8,6.9,1.8,0.83,1.77,1
Kenrich Williams,Okc,G-F,26.46,66,21.6,8,4.1,2.3,0.86,0.26,1.15
Gorgui Dieng,Mem,C,31.33,22,16.9,7.9,4.5,1.3,0.77,0.64,1
Isaiah Stewart,Det,F-C,19.99,68,21.4,7.9,6.7,0.9,0.56,1.26,0.99
DeMarcus Cousins,Lac,C,30.76,16,12.9,7.8,4.5,1,0.81,0.38,1.56
Willy Hernangomez,Nor,C-F,26.97,47,18,7.8,7.1,1.1,0.47,0.49,0.72
Chuma Okeke,Orl,F,22.75,45,25.2,7.8,4,2.2,1.07,0.51,0.84
Anfernee Simons,Por,G,21.94,64,17.3,7.8,2.2,1.4,0.28,0.13,0.67
PJ Dozier,Den,G-F,24.56,50,21.8,7.7,3.6,1.8,0.62,0.44,0.94
Mike James,Bro,G,30.75,13,18.2,7.7,2.5,4.2,0.46,0.08,1.54
Naji Marshall,Nor,F,23.31,32,21.9,7.7,4.6,2.8,0.81,0.31,1.19
Payton Pritchard,Bos,G,23.3,66,19.2,7.7,2.4,1.8,0.56,0.14,0.8
Tomas Satoransky,Chi,G,29.55,58,22.5,7.7,2.4,4.7,0.69,0.24,1.66
Isaiah Thomas,Nor,G,32.27,3,16.1,7.7,1.3,1.7,0.33,0,2
Steven Adams,Nor,C,27.83,58,27.7,7.6,8.9,1.9,0.93,0.66,1.36
Rajon Rondo,Lac,G,35.23,18,20.4,7.6,3.1,5.8,0.94,0.11,2.22
Garrett Temple,Chi,G-F,35.03,56,27.3,7.6,2.8,2.2,0.77,0.52,1.02
Tristan Thompson,Bos,C-F,30.18,54,23.8,7.6,8.1,1.2,0.44,0.61,1.15
Patrick Beverley,Lac,G,32.84,37,22.5,7.5,3.2,2.1,0.76,0.76,0.92
Henry Ellenson,Tor,F-C,24.34,2,19.2,7.5,6,2.5,0,0.5,0
Malachi Flynn,Tor,G,23.02,47,19.7,7.5,2.5,2.9,0.83,0.15,0.91
Jaxson Hayes,Nor,C-F,20.98,60,16.1,7.5,4.3,0.6,0.42,0.63,0.65
DeAndre Jordan,Bro,C,32.82,57,21.9,7.5,7.5,1.6,0.3,1.14,1.49
Edmond Sumner,Ind,G,25.38,53,16.2,7.5,1.8,0.9,0.62,0.19,0.96
Jalen Harris,Tor,G,22.76,13,13.2,7.4,1.4,1.3,0.62,0,1.08
Jalen McDaniels,Cha,F-C,23.29,47,19.2,7.4,3.6,1.1,0.6,0.4,0.96
Ben McLemore,Hou,G,28.26,32,16.8,7.4,2.1,0.9,0.63,0.09,0.88
Louis King,Sac,F,22.11,6,14.2,7.3,3,1.5,1.17,0.5,0.67
Austin Rivers,Nyk,G,28.79,21,21.1,7.3,2.2,2,0.57,0,1.05
Dennis Smith Jr.,Det,G,23.47,20,19.6,7.3,2.7,3.7,1,0.7,1.25
Kent Bazemore,Gol,G-F,31.88,67,19.9,7.2,3.4,1.6,1.03,0.49,1.22
Nemanja Bjelica,Sac,F,33.02,26,16.9,7.2,3.8,1.9,0.31,0.08,1.08
Torrey Craig,Pho,F,30.41,32,18.8,7.2,4.8,1,0.59,0.59,0.63
Juancho Hernangomez,Min,F,25.63,52,17.3,7.2,3.9,0.7,0.37,0.13,0.52
Aaron Holiday,Ind,G,24.63,66,17.8,7.2,1.3,1.9,0.7,0.2,1
Justin Jackson,Okc,F,26.14,33,16.5,7.2,2.2,1.5,0.45,0.06,0.94
Dewayne Dedmon,Mia,C,31.76,16,13.2,7.1,5.4,0.8,0.56,0.38,0.81
Maxi Kleber,Dal,F,29.3,50,26.8,7.1,5.2,1.4,0.48,0.7,0.6
Alex Len,Was,C,27.92,57,15.8,7.1,4.4,0.8,0.33,1.02,0.82
Moritz Wagner,Was,F-C,24.06,25,15,7.1,2.9,1.3,0.88,0.32,0.84
Draymond Green,Gol,F,31.2,63,31.5,7,7.1,8.9,1.7,0.83,2.98
Dwight Howard,Phi,C-F,35.44,69,17.3,7,8.4,0.9,0.43,0.9,1.62
Terance Mann,Lac,G-F,24.58,67,18.9,7,3.6,1.6,0.45,0.19,0.6
Royce O'Neale,Uta,F,27.95,71,31.6,7,6.8,2.5,0.8,0.45,1.17
Terence Davis,Tor,G,24,34,14.5,6.9,1.9,1.1,0.5,0.21,0.85
Maurice Harkless,Sac,F-G,28.02,26,24.9,6.9,3,1.4,1.08,0.65,0.77
Damian Jones,Sac,C,25.88,17,20,6.9,4.5,1.4,0.53,1,0.88
Svi Mykhailiuk,Det,G-F,23.93,36,17.6,6.9,2.1,1.6,0.75,0.17,1.08
Georges Niang,Uta,F,27.92,72,16,6.9,2.4,0.8,0.36,0.1,0.71
Jeff Teague,Bos,G,32.93,34,18.1,6.9,1.7,2.1,0.76,0.21,1.15
Brad Wanamaker,Cha,G,31.81,22,19.5,6.9,1.8,3.4,0.73,0.23,1.55
Pat Connaughton,Mil,G,28.36,69,22.8,6.8,4.8,1.2,0.68,0.33,0.48
Killian Hayes,Det,G,19.81,26,25.8,6.8,2.7,5.3,1.04,0.38,3.19
Derrick Jones Jr.,Por,F,24.25,58,22.7,6.8,3.5,0.8,0.64,0.93,0.55
Jaden McDaniels,Min,F,20.63,63,24,6.8,3.7,1.1,0.56,0.95,0.75
Justise Winslow,Mem,F-G,25.14,26,19.5,6.8,4.5,1.9,0.58,0.46,1.42
Spencer Dinwiddie,Bro,G,28.11,3,21.4,6.7,4.3,3,0.67,0.33,1.67
Damyean Dotson,Cle,G,27.03,46,19.7,6.7,2,2,0.35,0.09,0.91
Markieff Morris,Lal,F,31.7,61,19.7,6.7,4.4,1.2,0.36,0.31,0.89
Abdel Nader,Pho,F,27.64,24,14.8,6.7,2.6,0.8,0.42,0.38,0.79
Ish Smith,Was,G,32.86,44,21,6.7,3.4,3.9,0.73,0.3,0.93
Trey Burke,Dal,G,28.51,62,14.7,6.6,0.9,1.3,0.6,0.1,0.53
Nicolas Claxton,Bro,F-C,22.08,32,18.6,6.6,5.2,0.9,0.72,1.25,0.56
Cory Joseph,Sac,G,29.74,44,21.5,6.6,2.3,2.5,0.86,0.2,1
Frank Kaminsky,Pho,F-C,28.12,47,15.2,6.6,4,1.7,0.3,0.36,0.47
Jeff Teague,Mil,G,32.93,21,15.9,6.6,1.5,2.8,0.38,0.24,1.19
Xavier Tillman,Mem,F,22.34,59,18.4,6.6,4.3,1.3,0.75,0.56,0.76
Marquese Chriss,Gol,F,23.87,2,13.4,6.5,6.5,1,0,1,1
Damion Lee,Gol,G-F,28.57,57,18.9,6.5,3.2,1.3,0.67,0.14,0.53
Chasson Randle,Orl,G,28.28,41,20.4,6.5,2,1.8,0.56,0.12,1.12
Cameron Reynolds,Hou,F,26.27,2,17.2,6.5,2.5,1,0,0,0
Denzel Valentine,Chi,G,27.5,62,16.7,6.5,3.2,1.7,0.48,0.11,0.68
Alex Caruso,Lal,G,27.21,58,21,6.4,2.9,2.8,1.1,0.26,1.31
Kira Lewis Jr.,Nor,G,20.11,54,16.7,6.4,1.3,2.3,0.7,0.19,0.63
Timothe Luwawu-Cabarrot,Bro,G-F,26.02,58,18.1,6.4,2.2,1.2,0.57,0.1,0.74
Jabari Parker,Bos,F,26.17,10,13.8,6.4,3.6,1,0.1,0.4,0.7
Deni Avdija,Was,F,20.37,54,23.3,6.3,4.8,1.2,0.59,0.28,0.61
Tyus Jones,Mem,G,25.02,70,17.5,6.3,2,3.7,0.9,0.09,0.69
Frank Mason,Orl,G,27.12,4,19.8,6.3,3,3,0,0,1.25
Chimezie Metu,Sac,F-C,24.15,36,13.6,6.3,3.1,0.8,0.39,0.53,0.81
D.J. Augustin,Mil,G,33.52,37,19.3,6.1,1.4,3,0.54,0.03,0.92
Aron Baynes,Tor,C-F,34.44,53,18.5,6.1,5.2,0.9,0.3,0.43,0.87
Facundo Campazzo,Den,G,30.15,65,21.9,6.1,2.1,3.6,1.22,0.22,1.12
Quinn Cook,Cle,G,28.15,7,13.6,6.1,1.7,1.9,0.43,0,0.57
Robert Franks,Orl,F,20,7,14.4,6.1,2,0.7,0.43,0.43,0.29
Jaylen Hoard,Okc,F,22.13,19,16.8,6.1,3.4,1.3,0.68,0.26,0.89
Max Strus,Mia,G-F,25.13,39,13,6.1,1.1,0.6,0.28,0.05,0.21
D.J. Wilson,Hou,F-C,25.24,23,14.3,6.1,3.8,0.9,0.43,0.52,0.78
George Hill,Phi,G,35.04,16,18.9,6,2,1.9,0.69,0.19,1.19
Dakota Mathias,Phi,G,25.85,8,15.4,6,0.9,1.6,0.13,0.38,0.13
Dean Wade,Cle,F-C,24.49,63,19.2,6,3.4,1.2,0.54,0.33,0.48
Dwight Powell,Dal,F-C,29.83,58,16.6,5.9,4.1,1.1,0.6,0.52,0.69
Drew Eubanks,San,F-C,24.29,54,14,5.8,4.5,0.8,0.33,0.91,0.83
Mason Jones,Hou,G,22.82,26,11.8,5.8,2,1.5,0.23,0.04,1.08
DeAndre' Bembry,Tor,G-F,26.87,51,19.1,5.7,2.9,2.1,1.04,0.35,1.39
James Johnson,Dal,F,34.24,29,17.4,5.7,3,1.7,0.83,0.79,0.93
Rodney McGruder,Det,G,29.8,16,12.1,5.7,1.4,1,0.5,0.06,0.44
Jordan Nwora,Mil,F,22.69,30,9.1,5.7,2,0.2,0.53,0.23,0.8
Juan Toscano-Anderson,Gol,F,28.1,53,20.9,5.7,4.4,2.8,0.77,0.49,1.17
Freddie Gillespie,Tor,F,20,20,19.6,5.6,4.9,0.5,0.65,1.05,0.6
Donta Hall,Orl,C,23.78,13,13.8,5.6,4.8,0.8,0.38,0.77,0.62
Saben Lee,Det,G,21.9,48,16.3,5.6,2,3.6,0.67,0.27,1.15
Mychal Mulder,Gol,G,26.93,60,12.8,5.6,1,0.4,0.2,0.2,0.27
Al-Farouq Aminu,Orl,F,30.65,17,21.6,5.5,5.4,1.7,1,0.53,1.47
Tony Bradley,Phi,C-F,23.35,20,14.4,5.5,5.2,0.9,0.3,0.65,0.3
Troy Brown Jr.,Chi,G-F,21.8,13,18.2,5.5,3.4,0.8,0.54,0.15,0.38
Tyler Cook,Det,F,23.65,28,15,5.5,3.4,0.5,0.29,0.07,0.75
Anthony Lamb,Hou,F,23.32,24,17.3,5.5,2.9,1,0.25,0.21,0.79
Garrison Mathews,Was,G,24.56,64,16.2,5.5,1.4,0.4,0.45,0.11,0.16
JaVale McGee,Den,C-F,33.32,13,13.5,5.5,5.3,0.5,0.23,1.08,1.15
Devin Vassell,San,G-F,20.73,62,17,5.5,2.8,0.9,0.69,0.29,0.35
Derrick Favors,Uta,F,29.84,68,15.3,5.4,5.5,0.6,0.47,1,0.53
Taj Gibson,Nyk,F,35.9,45,20.8,5.4,5.6,0.8,0.69,1.09,0.49
Tyler Johnson,Bro,G,29.03,39,17.5,5.4,2,1.2,0.36,0,0.44
Damian Jones,Lal,C,25.88,8,14,5.4,3.3,0.1,0.13,0.88,0.63
Jahlil Okafor,Det,C-F,25.42,27,12.9,5.4,2.4,0.5,0.22,0.19,0.78
Josh Okogie,Min,G,22.71,59,20.3,5.4,2.6,1.1,0.92,0.47,0.73
Justin Patton,Hou,C,23.92,13,19,5.4,3.8,1.1,0.92,1.08,0.31
Jarred Vanderbilt,Min,F,22.12,64,17.8,5.4,5.8,1.2,1,0.73,0.83
Khem Birch,Orl,C,28.63,48,19.8,5.3,5.1,1.1,0.67,0.58,0.48
Willie Cauley-Stein,Dal,C,27.75,53,17.1,5.3,4.5,0.7,0.4,0.81,0.55
Jarrett Culver,Min,G-F,22.24,34,14.7,5.3,3.1,0.7,0.5,0.26,0.82
Gorgui Dieng,San,C,31.33,16,11.3,5.3,2.6,1.2,0.56,0.13,0.63
Glenn Robinson III,Sac,F,27.35,23,16.1,5.3,2,0.9,0.17,0.13,0.48
Tony Snell,Atl,G,29.52,47,21.1,5.3,2.4,1.3,0.28,0.23,0.45
Avery Bradley,Hou,G,30.47,17,23,5.2,2.3,1.9,0.82,0.18,1.12
Chandler Hutchison,Was,F-G,25.06,18,15.7,5.2,3.2,0.7,0.61,0.28,0.83
Alize Johnson,Bro,F,25.07,18,10.5,5.2,5,0.8,0.28,0.28,0.5
Patrick Patterson,Lac,F,32.18,38,15.3,5.2,2,0.8,0.37,0.21,0.29
Dylan Windler,Cle,G-F,24.65,31,16.5,5.2,3.5,1.1,0.61,0.39,1.03
Goga Bitadze,Ind,C-F,21.83,45,12.5,5.1,3.3,0.8,0.2,1.33,0.38
Sekou Doumbouya,Det,F,20.4,56,15.5,5.1,2.6,0.8,0.43,0.16,0.79
Jake Layman,Min,F,27.2,45,13.9,5.1,1.5,0.6,0.64,0.42,0.58
Nerlens Noel,Nyk,C-F,27.1,64,24.2,5.1,6.4,0.7,1.09,2.2,1.02
Precious Achiuwa,Mia,F,21.66,61,12.1,5,3.4,0.5,0.33,0.46,0.7
Bismack Biyombo,Cha,C,28.72,66,20.4,5,5.3,1.2,0.26,1.12,1.08
Nemanja Bjelica,Mia,F,33.02,11,14.2,5,2.5,1.8,0.64,0.27,0.45
Marc Gasol,Lal,C,36.3,52,19.1,5,4.1,2.1,0.5,1.12,1.02
Trey Lyles,San,F,25.53,23,15.6,5,3.7,0.6,0.26,0.04,0.26
Caleb Martin,Cha,F,25.63,53,15.4,5,2.7,1.3,0.7,0.23,0.62
Jordan McLaughlin,Min,G,25.1,51,18.4,5,2.1,3.8,1,0.12,1
Brandon Goodwin,Atl,G,25.62,47,13.2,4.9,1.5,2,0.36,0,0.77
DaQuan Jeffries,Hou,G-F,23.71,13,20.1,4.9,3.2,1.2,0.62,0.46,0.46
E'Twaun Moore,Pho,G,32.22,27,14.4,4.9,1.7,1.5,0.56,0.19,0.85
Jerome Robinson,Was,G,24.23,17,17.9,4.9,2.2,1.5,0.71,0.35,1.12
Langston Galloway,Pho,G,29.44,40,10.9,4.8,1.1,0.7,0.2,0,0.33
Wesley Matthews,Lal,G,34.59,58,19.5,4.8,1.6,0.9,0.64,0.28,0.45
Gabe Vincent,Mia,G,24.92,50,13.1,4.8,1.1,1.3,0.42,0.04,0.68
Daniel Gafford,Chi,F-C,22.63,31,12.4,4.7,3.3,0.5,0.35,1.1,0.71
Rodney Hood,Por,G-F,28.57,38,19.1,4.7,1.9,1.2,0.53,0.11,0.82
Boban Marjanovic,Dal,C,32.75,33,8.2,4.7,3.9,0.3,0.06,0.18,0.36
Aaron Nesmith,Bos,G-F,21.58,46,14.5,4.7,2.8,0.5,0.33,0.2,0.5
Brad Wanamaker,Gol,G,31.81,39,16,4.7,1.7,2.5,0.67,0.15,0.95
Grant Williams,Bos,F,22.46,63,18.1,4.7,2.8,1,0.51,0.37,0.89
Yogi Ferrell,Lac,G,28.02,8,12.1,4.6,1.5,2.1,0.5,0.25,0
Nassir Little,Por,F-G,21.26,48,13.3,4.6,2.7,0.5,0.1,0.27,0.38
Semi Ojeleye,Bos,F,26.45,56,17,4.6,2.6,0.7,0.3,0,0.38
Onyeka Okongwu,Atl,F-C,20.43,50,12,4.6,3.3,0.4,0.46,0.66,0.58
JaKarr Sampson,Ind,F,28.16,29,10.9,4.6,2.7,0.1,0.07,0.48,0.52
Kelan Martin,Ind,F,25.79,35,9.2,4.5,2.2,0.5,0.29,0.29,0.46
Charlie Brown Jr.,Okc,G,23.29,9,16.9,4.4,1.9,1,0.44,0.22,0.67
Solomon Hill,Atl,F,30.16,71,21.3,4.4,3,1.1,0.7,0.15,0.59
Andre Iguodala,Mia,G-F,37.3,63,21.3,4.4,3.5,2.3,0.92,0.52,1.06
Stanley Johnson,Tor,F-G,24.97,61,16.5,4.4,2.5,1.5,0.85,0.31,0.89
Luke Kornet,Bos,F-C,25.84,18,14.1,4.4,2.9,1.1,0.11,1.39,0.33
JJ Redick,Dal,G,36.89,13,11.3,4.4,0.9,0.8,0.15,0.08,0.85
P.J. Tucker,Hou,F,36.03,32,30,4.4,4.6,1.4,0.88,0.56,1.03
Yuta Watanabe,Tor,G-F,26.59,50,14.5,4.4,3.2,0.8,0.52,0.4,0.38
Troy Brown Jr.,Was,G-F,21.8,21,13.7,4.3,2.9,0.9,0.14,0.19,0.76
Devin Cannady,Orl,G,24.99,8,9.3,4.3,0.6,0.1,0.63,0.13,0.25
Mfiondu Kabengele,Cle,F-C,23.76,16,11.6,4.3,2.9,0.8,0.38,0.63,0.56
John Konchar,Mem,G,25.15,43,13.4,4.3,3,1.1,0.7,0.21,0.42
Javonte Green,Bos,G-F,27.82,25,13.8,4.2,2.1,0.4,0.72,0.08,0.52
Mike Scott,Phi,F,32.83,51,16.7,4.2,2.4,0.8,0.47,0.27,0.37
Jevon Carter,Pho,G,25.67,60,11.9,4.1,1.5,1.2,0.48,0.15,0.27
Josh Hall,Okc,F,20.6,21,16,4.1,2.8,1.3,0.19,0.05,1.19
Kevon Looney,Gol,F,25.27,61,19,4.1,5.3,1.9,0.36,0.36,0.61
Nico Mannion,Gol,G,20.18,30,12.1,4.1,1.5,2.3,0.53,0.03,1.07
Darius Miller,Okc,F,31.16,18,10.9,4.1,1.3,1.2,0.67,0.28,0.44
Lamar Stevens,Cle,F,23.86,40,12.5,4.1,2.4,0.6,0.43,0.33,0.58
Brodric Thomas,Cle,G,24.3,28,13.4,4.1,1.8,0.9,0.5,0.32,0.64
Obi Toppin,Nyk,F,23.2,62,11,4.1,2.2,0.5,0.27,0.24,0.37
Paul Watson,Tor,G,26.38,27,11,4.1,1.7,0.6,0.19,0.11,0.33
Jordan Bone,Orl,G,23.53,14,14,4,1.7,1.3,0.14,0,0.21
Chris Chiozza,Bro,G,25.49,22,10.6,4,1.1,3,0.32,0.27,0.73
Carsen Edwards,Bos,G,23.18,31,8.9,4,0.8,0.5,0.23,0.03,0.23
Udonis Haslem,Mia,F,40.94,1,2.7,4,1,0,0,0,0
Cody Martin,Cha,F,25.63,52,16.3,4,3.1,1.7,0.73,0.23,0.77
Nicolo Melli,Dal,F,30.3,23,14.1,4,2.8,0.8,0.26,0.13,0.22
Rodney Hood,Tor,G-F,28.57,17,12.7,3.9,1.8,0.4,0.24,0.18,0.29
Justin James,Sac,G-F,24.31,36,8.6,3.9,0.8,0.6,0.22,0.08,0.42
Kevin Knox II,Nyk,F,21.77,42,11.1,3.9,1.5,0.5,0.29,0.14,0.4
Rajon Rondo,Atl,G,35.23,27,14.9,3.9,2,3.5,0.7,0.07,1.44
Matisse Thybulle,Phi,G-F,24.2,65,20,3.9,1.9,1,1.62,1.09,0.49
Dante Exum,Cle,G,25.84,6,19.4,3.8,2.8,2.2,0.67,0.33,1.17
Ersan Ilyasova,Uta,F,34.01,17,8.7,3.8,1.7,0.2,0.59,0.18,0.47
Nathan Knight,Atl,F-C,23.66,33,8.4,3.8,2.2,0.2,0.27,0.3,0.45
Thon Maker,Cle,F-C,20,8,9.6,3.8,2.3,0.5,0.25,0.5,0.38
Skylar Mays,Atl,G,23.7,33,8.2,3.8,1.1,0.9,0.42,0.06,0.27
Tremont Waters,Bos,G,23.35,26,9.1,3.8,0.8,2.4,0.58,0.04,1.04
Isaiah Joe,Phi,G,21.87,41,9.3,3.7,0.9,0.5,0.29,0.1,0.27
Luka Samanic,San,F,21.35,33,9.3,3.7,2.1,0.5,0.24,0.24,0.61
Matt Thomas,Uta,G,26.78,19,7.1,3.6,1.2,0.5,0.11,0,0.42
D.J. Wilson,Mil,F,25.24,12,8.7,3.6,2.1,0.3,0.08,0.33,0.33
Isaiah Hartenstein,Den,C-F,23.03,30,9.1,3.5,2.8,0.5,0.37,0.67,0.7
DaQuan Jeffries,Sac,G-F,23.71,18,12.9,3.5,1.6,0.3,0.39,0.22,0.44
Gary Clark,Orl,F,26.5,35,18.2,3.4,3.2,0.9,0.34,0.2,0.49
Wenyen Gabriel,Nor,F,24.14,21,11.5,3.4,2.6,0.5,0.43,0.38,0.71
Paul Reed,Phi,F,21.92,26,6.8,3.4,2.3,0.5,0.38,0.5,0.46
Sindarius Thornwell,Orl,G,26.5,7,20.5,3.4,1.9,2.4,1,0.14,0.43
Shaquille Harrison,Den,G,27.61,17,16.3,3.3,2.3,0.9,0.88,0.29,0.35
Meyers Leonard,Mia,F-C,29.22,3,9.8,3.3,2.3,0.7,0,0,0.67
Zeke Nnaji,Den,F-C,20.35,41,9.5,3.3,1.6,0.2,0.17,0.1,0.17
Amir Coffey,Lac,G-F,23.92,44,9,3.2,1,0.5,0.23,0,0.34
Killian Tillie,Mem,F-C,23.2,18,10.1,3.2,1.3,0.4,0.28,0.44,0.11
Ryan Arcidiacono,Chi,G,27.14,44,10.2,3.1,1.5,1.3,0.2,0,0.23
Mamadi Diakite,Mil,F,24.32,14,10.1,3.1,2.4,0.6,0.5,0.43,0.21
Anthony Gill,Was,F,28.58,26,8.4,3.1,2,0.4,0.38,0.15,0.31
Romeo Langford,Bos,G-F,21.56,18,15.7,3.1,1.9,0.7,0.33,0.22,0.56
Alfonzo McKinnie,Lal,F,28.66,39,6.6,3.1,1.4,0.2,0.18,0,0.13
Jahmi'us Ramsey,Sac,G,19.94,13,7.3,3.1,0.8,0.5,0.31,0.08,0.23
Rodions Kurucs,Mil,F,23.28,5,6.7,3,1.8,0.8,0.6,0,0.8
Sam Merrill,Mil,G,25,30,7.8,3,1,0.7,0.27,0.03,0.33
Norvel Pelle,Sac,C,28.28,1,3.8,3,1,1,0,0,0
Reggie Perry,Bro,F-C,21.15,26,8.1,3,2.8,0.5,0.23,0.23,0.58
Dennis Smith Jr.,Nyk,G,23.47,3,9.2,3,0.7,1,1,0,0.33
Thanasis Antetokounmpo,Mil,F,28.83,57,9.7,2.9,2.2,0.8,0.39,0.18,0.75
Trent Forrest,Uta,G,22.93,30,10.1,2.9,1.5,1.5,0.3,0.13,0.7
Jordan Bell,Was,F,26.36,5,13.4,2.8,3.8,1,0.6,0.6,0.6
Bruno Caboclo,Hou,F,25.65,6,6.1,2.8,2.3,0.2,0,0.33,0.67
Matthew Dellavedova,Cle,G,30.69,13,17.2,2.8,1.8,4.5,0.31,0.08,0.46
Harry Giles III,Por,F-C,23.07,38,9.2,2.8,3.5,0.8,0.21,0.34,0.53
Kyle Guy,Sac,G,23.77,31,7.6,2.8,1.1,1,0.19,0,0.35
Markus Howard,Den,G,22.21,37,5.5,2.8,0.6,0.5,0.11,0.03,0.49
Wes Iwundu,Nor,F,26.41,18,14,2.8,2.6,0.4,0.33,0.06,0.72
Mason Jones,Phi,G,22.82,6,4.5,2.7,0.7,0.5,0.17,0,0.17
Marcos Louzada Silva,Nor,G,20,3,18.8,2.7,1,1,0.67,0,1
Frank Ntilikina,Nyk,G,22.8,33,9.8,2.7,0.9,0.6,0.55,0.12,0.33
Jabari Parker,Sac,F,26.17,3,9.1,2.7,2,0.3,0,0.33,1
Chris Silva,Mia,F,24.66,11,7.5,2.7,2.3,0.5,0.09,0.45,0.82
Matt Thomas,Tor,G,26.78,26,7.4,2.7,0.8,0.3,0.08,0,0.23
Keita Bates-Diop,San,F,25.31,30,8.2,2.6,1.6,0.4,0.37,0.17,0.23
Amida Brimah,Ind,C,27.26,5,5.9,2.6,1.6,0.2,0,1,0.8
Tacko Fall,Bos,C,25.43,18,7.5,2.6,2.9,0.2,0.06,1.11,0.33
Javonte Green,Chi,G-F,27.82,16,8,2.6,1.2,0.4,0.63,0.25,0.38
Josh Green,Dal,G,20.5,39,11.4,2.6,2,0.7,0.41,0.08,0.44
R.J. Hampton,Den,G,20.27,25,9.3,2.6,2,0.6,0.2,0.08,0.44
Grant Riller,Cha,G,24.27,7,3.9,2.6,0.1,0.4,0.14,0,0.14
P.J. Tucker,Mil,F,36.03,20,19.8,2.6,2.8,0.8,0.5,0.1,0.35
Anderson Varejao,Cle,F,38.63,5,7.2,2.6,4,0.6,0,0.4,0.2
Torrey Craig,Mil,F,30.41,18,11.2,2.5,2.4,0.9,0.5,0.39,0.28
Rondae Hollis-Jefferson,Por,F,26.37,11,9.8,2.5,2.4,1.2,0.18,0.36,0.18
Tre Jones,San,G,21.35,37,7.3,2.5,0.6,1.1,0.22,0,0.35
KZ Okpala,Mia,F-G,22.05,37,12.1,2.5,1.8,0.5,0.27,0.3,0.41
Gary Payton II,Gol,G,28.46,10,4,2.5,1.1,0.1,0.6,0.1,0.1
Brodric Thomas,Hou,G,24.3,4,6.1,2.5,1,1,0.25,0.25,1
Vernon Carey Jr.,Cha,F-C,20.22,19,6,2.4,1.4,0.1,0.05,0.26,0.26
Jeremiah Martin,Cle,G,24.91,9,8.4,2.4,0.8,0.4,0.56,0.22,0.67
Rayjon Tucker,Phi,G,23.64,14,4.9,2.4,0.8,0.4,0.14,0,0.29
Jarrell Brantley,Uta,F,24.94,28,4.9,2.3,1,0.5,0.25,0.07,0.29
CJ Elleby,Por,F-G,20.92,30,6.4,2.3,1.1,0.3,0.2,0.1,0.17
Alex Len,Tor,C,27.92,7,10.8,2.3,1.6,0.4,0.14,0.86,1.14
Justin Robinson,Okc,G,23.6,9,9.8,2.3,0.8,1,0.33,0,0.22
Quinndary Weatherspoon,San,G,24.68,20,6.1,2.3,0.6,0.4,0.4,0.1,0.5
Bol Bol,Den,C-F,21.5,32,5,2.2,0.8,0.2,0.09,0.31,0.41
Sean McDermott,Mem,F,24.53,18,8.8,2.2,1.1,0.2,0.11,0.17,0.22
Vlatko Cancar,Den,F,24.1,41,6.9,2.1,1.2,0.3,0.27,0.05,0.34
Quinn Cook,Lal,G,28.15,16,3.9,2.1,0.3,0.3,0.06,0.06,0.19
Ed Davis,Min,C-F,31.95,23,13,2.1,5,0.9,0.57,0.57,0.3
Devon Dotson,Chi,G,21.79,11,4.6,2.1,0.5,0.6,0.36,0,0
Wes Iwundu,Dal,F,26.41,23,12.5,2.1,1.9,0.4,0.39,0.13,0.26
Deividas Sirvydis,Det,F-G,20.93,20,6.7,2.1,1.5,0.3,0.1,0,0.25
Isaac Bonga,Was,G,21.52,40,10.8,2,1.7,0.6,0.28,0.23,0.55
Devontae Cacok,Lal,F,24.6,20,4.9,2,1.6,0.1,0.25,0.2,0.2
Nate Hinton,Dal,G-F,21.94,21,4.4,2,0.4,0.4,0.29,0.1,0.24
Luke Kornet,Chi,F-C,25.84,13,7.2,2,1.2,0.3,0.15,0.54,0.08
Nicolo Melli,Nor,F,30.3,22,11,2,2.6,1.1,0.41,0.05,0.32
Norvel Pelle,Bro,C,28.28,3,9.3,2,2.3,0,0,1,1
Jontay Porter,Mem,C-F,21.5,11,4.9,2,1.3,0.1,0.27,0.09,0.64
Jalen Smith,Pho,F-C,21.17,27,5.8,2,1.4,0.1,0.04,0.19,0.26
Ray Spalding,Hou,F,24.18,2,9.4,2,2,0,0,1,1.5
Chandler Hutchison,Chi,F-G,25.06,7,9.1,1.9,2.9,0.6,0.14,0,0.71
Miye Oni,Uta,G-F,23.78,54,9.6,1.9,1.6,0.5,0.2,0.15,0.3
Alen Smailagic,Gol,F,20.74,15,5.6,1.9,1.1,0.3,0.2,0.33,0.33
Cassius Winston,Was,G,23.21,22,4.5,1.9,0.4,0.5,0.09,0.05,0.23
Daniel Oturu,Lac,C,21.66,30,5.4,1.8,1.6,0.3,0.17,0.23,0.3
Axel Toupane,Mil,G-F,20,8,7.7,1.8,0.8,0.5,0.25,0.38,0
Elijah Hughes,Uta,G,23.19,18,3.5,1.7,0.5,0.3,0.06,0.06,0.33
T.J. Leaf,Por,F,24.05,7,5.1,1.7,0.7,0.1,0.29,0.14,0.29
James Nunnally,Nor,F,30.84,9,5.3,1.7,1,0.3,0,0,0.22
Tim Frazier,Mem,G,30.54,5,12.4,1.6,1.6,3.2,0.4,0.2,0.8
Damian Jones,Pho,C,25.88,14,6.7,1.6,1.3,0.3,0.07,0.36,0.43
Al-Farouq Aminu,Chi,F,30.65,6,11.2,1.5,3.2,0.3,0.33,0,0.5
Bruno Fernando,Atl,F-C,22.75,33,6.8,1.5,2.4,0.3,0.12,0.09,0.64
Cassius Stanley,Ind,G,21.75,24,3.9,1.5,0.8,0,0.04,0.08,0.04
Anthony Tolliver,Phi,F,35.96,11,9,1.5,0.9,0.2,0.27,0.18,0.27
Robert Woodard II,Sac,F,21.65,13,3.5,1.5,1.2,0.2,0,0.23,0.08
Maurice Harkless,Mia,F-G,28.02,11,11.2,1.4,1.2,0.6,0.18,0.36,0.27
Nate Darling,Cha,G,22.71,7,3.7,1.3,0.1,0.1,0,0.14,0.14
Kris Dunn,Atl,G,27.16,4,11.4,1.3,1.5,0.5,0.5,0.5,0.75
Cristiano Felicio,Chi,F-C,28.86,18,4.6,1.3,1.4,0.5,0.22,0,0.22
Jalen Lecque,Ind,G,20.92,4,3,1.3,1.3,0.5,0,0,0
Marques Bolden,Cle,C,23.08,6,4.8,1.2,1,0,0.33,0.33,0.33
Mfiondu Kabengele,Lac,F-C,23.76,23,4.1,1.2,0.6,0.2,0.09,0.13,0.26
Rodions Kurucs,Hou,F,23.28,11,6.8,1.2,1,0.4,0.55,0.36,0.82
Juwan Morgan,Uta,F,24.08,29,5.1,1.2,1,0.3,0.14,0.03,0.14
Norvel Pelle,Nyk,C,28.28,9,5.8,1.2,1.2,0.1,0.11,0.67,0
Andre Roberson,Bro,G-F,29.45,5,12.6,1.2,3,0.8,0.6,0.2,0.4
Sindarius Thornwell,Nor,G,26.5,14,5.2,1.2,0.4,0.3,0.36,0.07,0.29
Moritz Wagner,Bos,F-C,24.06,9,6.8,1.2,2.1,0.7,0,0.11,1
Udoka Azubuike,Uta,C-F,21.66,15,3.8,1.1,0.9,0,0.07,0.27,0.2
Karim Mane,Orl,G,21,10,8.8,1.1,1.4,0.4,0,0.2,0.3
Adam Mokoka,Chi,G,22.83,14,4,1.1,0.4,0.4,0.14,0.07,0.36
Jordan Bell,Gol,F,26.36,1,14.7,1,5,2,0,2,1
Tyler Bey,Dal,F,23.26,18,3.9,1,1,0.2,0,0.06,0.17
Malik Fitts,Lac,F,20,3,3.6,1,1,0,0,0,0
Shaquille Harrison,Uta,G,27.61,17,3.3,1,0.5,0.5,0.12,0,0.29
Patrick McCaw,Tor,G,25.56,5,6.7,1,0.6,0.8,0.4,0,0
Iman Shumpert,Bro,G,30.89,2,5.5,1,0.5,0,0.5,0,0.5
Tyrell Terry,Dal,G,20.63,11,5.1,1,0.5,0.5,0.45,0,0.18
Kostas Antetokounmpo,Lal,F,23.49,15,3.7,0.8,1.3,0.1,0.13,0.27,0.73
Vincent Poirier,Phi,C-F,27.58,10,3.9,0.8,1.3,0.2,0,0.3,0.3
Nick Richards,Cha,C,23.46,18,3.5,0.8,0.6,0.1,0,0,0.17
Keljin Blevins,Por,G,25.48,17,4.4,0.7,0.6,0.2,0.12,0,0.29
Cameron Reynolds,San,F,26.27,3,2.1,0.7,0,0,0,0,0
Ty-Shon Alexander,Pho,G,22.84,15,3.2,0.6,0.7,0.4,0,0.07,0.2
Brian Bowen II,Ind,F-G,22.62,5,2.8,0.6,0.6,0,0,0,0
Rodions Kurucs,Bro,F,23.28,5,3.2,0.6,0.6,0.4,0,0,0
Ignas Brazdeikis,Nyk,F,22.35,4,1.8,0.5,0.5,0.3,0,0,0.25
Tyler Cook,Bro,F,23.65,4,4.2,0.5,0.5,0.5,0,0,0.25
Jared Dudley,Lal,F,35.85,12,6.7,0.5,1.8,0.4,0.08,0.08,0.17
Chris Silva,Sac,F,24.66,4,2.4,0.5,0.5,0,0,0.25,0.25
Jared Harper,Nyk,G,23.67,8,2,0.4,0.3,0.1,0,0,0.38
Jaylen Adams,Mil,G,25.03,7,2.6,0.3,0.4,0.3,0,0,0
Terrance Ferguson,Phi,G,23,13,3.8,0.2,0.1,0.2,0.08,0,0.31
Theo Pinson,Nyk,G-F,25.53,17,2,0.1,0.3,0.1,0,0,0.06
Ignas Brazdeikis,Phi,F,22.35,1,7.9,0,2,0,0,0,0
Gary Clark,Den,F,26.5,2,2.1,0,0.5,0,0,0,0
Gary Clark,Phi,F,26.5,2,6.4,0,1,0.5,0.5,0,0
Ashton Hagans,Min,G-F,21.86,2,2.1,0,0,0,0,0,0.5
Will Magnay,Nor,C,22.93,1,3.3,0,0,0,0,0,1
Anzejs Pasecniks,Was,C-F,25.41,1,6.3,0,1,1,0,0,5
Noah Vonleh,Bro,F,25.73,4,2.7,0,0.3,0.3,0,0,0.5
Greg Whittington,Den,F,28.27,4,3,0,0,0,0,0,0